dataset,dataset_size,train_size,test_size,model,learning_rate,n_estimators,train_time_sec,eval_time_sec,total_time_sec,memory_increase_mb,peak_memory_mb,accuracy,f1,precision,recall,roc_auc
breast_cancer,569,455,114,XGBoost,0.01,100,1.85673189163208,0.011384963989257812,1.868116855621338,102.79296875,0.047791481018066406,0.9298245614035088,0.9436619718309859,0.9571428571428572,0.9305555555555556,0.9867724867724869
breast_cancer,569,455,114,LightGBM,0.01,100,2.6408135890960693,0.02825164794921875,2.669065237045288,3.55078125,1.5144338607788086,0.9473684210526315,0.958904109589041,0.9459459459459459,0.9722222222222222,0.9900793650793651
breast_cancer,569,455,114,XGBoost,0.01,300,0.9547164440155029,0.011146068572998047,0.965862512588501,0.78515625,0.015592575073242188,0.9473684210526315,0.9583333333333334,0.9583333333333334,0.9583333333333334,0.9914021164021164
breast_cancer,569,455,114,LightGBM,0.01,300,0.30932044982910156,0.0059814453125,0.31530189514160156,0.31640625,2.376458168029785,0.9473684210526315,0.9583333333333334,0.9583333333333334,0.9583333333333334,0.9923941798941799
breast_cancer,569,455,114,XGBoost,0.1,100,0.12975764274597168,0.011755704879760742,0.14151334762573242,0.11328125,0.013482093811035156,0.9473684210526315,0.958904109589041,0.9459459459459459,0.9722222222222222,0.9923941798941799
breast_cancer,569,455,114,LightGBM,0.1,100,0.09044528007507324,0.011961221694946289,0.10240650177001953,-0.04296875,1.573699951171875,0.9649122807017544,0.9726027397260274,0.9594594594594594,0.9861111111111112,0.9897486772486772
breast_cancer,569,455,114,XGBoost,0.1,300,0.17180371284484863,0.009403228759765625,0.18120694160461426,1.01953125,0.015394210815429688,0.956140350877193,0.9659863945578231,0.9466666666666667,0.9861111111111112,0.9917328042328042
breast_cancer,569,455,114,LightGBM,0.1,300,0.14394235610961914,0.013992786407470703,0.15793514251708984,0.38671875,1.8639440536499023,0.956140350877193,0.9659863945578231,0.9466666666666667,0.9861111111111112,0.9884259259259259
