dataset,dataset_size,train_size,test_size,model,learning_rate,n_estimators,train_time_sec,eval_time_sec,total_time_sec,memory_increase_mb,peak_memory_mb,accuracy,f1,precision,recall,roc_auc
breast_cancer,569,455,114,XGBoost,0.01,100,1.8355777263641357,0.009605884552001953,1.8451836109161377,103.20703125,0.04744243621826172,0.956140350877193,0.9655172413793104,0.958904109589041,0.9722222222222222,0.9914021164021164
breast_cancer,569,455,114,LightGBM,0.01,100,0.06940436363220215,0.010273933410644531,0.07967829704284668,4.26171875,1.5139999389648438,0.9473684210526315,0.958904109589041,0.9459459459459459,0.9722222222222222,0.9900793650793651
breast_cancer,569,455,114,XGBoost,0.01,300,0.240875244140625,0.011389732360839844,0.25226497650146484,1.0703125,0.015592575073242188,0.956140350877193,0.9655172413793104,0.958904109589041,0.9722222222222222,0.9943783068783069
breast_cancer,569,455,114,LightGBM,0.01,300,0.17563486099243164,0.009995222091674805,0.18563008308410645,0.7734375,2.3765182495117188,0.9473684210526315,0.9583333333333334,0.9583333333333334,0.9583333333333334,0.9923941798941799
breast_cancer,569,455,114,XGBoost,0.1,100,0.08374857902526855,0.00931549072265625,0.0930640697479248,-0.8125,0.013482093811035156,0.956140350877193,0.9659863945578231,0.9466666666666667,0.9861111111111112,0.9947089947089948
breast_cancer,569,455,114,LightGBM,0.1,100,0.08062243461608887,0.008101463317871094,0.08872389793395996,1.3984375,1.5739355087280273,0.9649122807017544,0.9726027397260274,0.9594594594594594,0.9861111111111112,0.9897486772486772
breast_cancer,569,455,114,XGBoost,0.1,300,0.17705678939819336,0.00770115852355957,0.18475794792175293,0.37890625,0.015394210815429688,0.956140350877193,0.9659863945578231,0.9466666666666667,0.9861111111111112,0.9940476190476191
breast_cancer,569,455,114,LightGBM,0.1,300,0.11279726028442383,0.00811147689819336,0.12090873718261719,-0.68359375,1.8641748428344727,0.956140350877193,0.9659863945578231,0.9466666666666667,0.9861111111111112,0.9884259259259259
