dataset,dataset_size,train_size,test_size,model,learning_rate,n_estimators,train_time_sec,eval_time_sec,total_time_sec,memory_increase_mb,peak_memory_mb,accuracy,f1,precision,recall,roc_auc
higgs,11000000,8800000,2200000,XGBoost,0.01,100,35.1799738407135,2.0543906688690186,37.23436450958252,3.64453125,83.92664432525635,0.7004340909090909,0.7236695850588829,0.70783914223189,0.7402243046769456,0.7728065632235472
higgs,11000000,8800000,2200000,LightGBM,0.01,100,33.40426540374756,3.626584053039551,37.03084945678711,-11.30859375,134.29388523101807,0.6962459090909091,0.7181993338081605,0.7063623333145316,0.7304398172967641,0.7686468385512962
higgs,11000000,8800000,2200000,XGBoost,0.01,300,92.62676215171814,3.9209766387939453,96.54773879051208,-1.578125,83.92652988433838,0.7187463636363637,0.7367504771402388,0.7309006894094985,0.7426946582891943,0.7960555721572746
higgs,11000000,8800000,2200000,LightGBM,0.01,300,98.29269456863403,10.530873537063599,108.82356810569763,63.37109375,134.2886037826538,0.71651,0.7325561450362693,0.7324474712542157,0.7326648510711299,0.7938283220210558
higgs,11000000,8800000,2200000,XGBoost,0.1,100,33.58403253555298,2.243863582611084,35.82789611816406,-74.8359375,83.92652988433838,0.7320877272727273,0.748980538343896,0.7437846168420982,0.754249565758154,0.8120595581000959
higgs,11000000,8800000,2200000,LightGBM,0.1,100,34.24284815788269,5.220093250274658,39.46294140815735,64.1484375,134.28859329223633,0.7315840909090909,0.7477014929454344,0.7448719520292564,0.75055261295649,0.8116253843478248
higgs,11000000,8800000,2200000,XGBoost,0.1,300,81.45743083953857,3.9363443851470947,85.39377522468567,-72.28125,83.92652988433838,0.742959090909091,0.7596741880838788,0.7528388487427023,0.7666347865245642,0.8248796628981908
higgs,11000000,8800000,2200000,LightGBM,0.1,300,78.69697427749634,11.433764219284058,90.1307384967804,-46.1875,134.28863143920898,0.7414772727272727,0.7578262054400218,0.7524213766017444,0.7633092445264084,0.8231881348360063
