dataset,dataset_size,train_size,test_size,model,learning_rate,n_estimators,train_time_sec,eval_time_sec,total_time_sec,memory_increase_mb,peak_memory_mb,accuracy,f1,precision,recall,roc_auc
creditcard_fraud,284807,227845,56962,XGBoost,0.01,100,0.9374566078186035,0.04460763931274414,0.9820642471313477,-2.78125,2.176203727722168,0.9993153330290369,0.7577639751552795,0.9682539682539683,0.6224489795918368,0.9719059366853102
creditcard_fraud,284807,227845,56962,LightGBM,0.01,100,0.6492507457733154,0.07398605346679688,0.7232367992401123,-0.421875,4.307049751281738,0.9992626663389628,0.7439024390243902,0.9242424242424242,0.6224489795918368,0.954304057371401
creditcard_fraud,284807,227845,56962,XGBoost,0.01,300,2.7681732177734375,0.09767389297485352,2.865847110748291,-5.34765625,2.176089286804199,0.9995435553526912,0.8522727272727273,0.9615384615384616,0.7653061224489796,0.970250357458684
creditcard_fraud,284807,227845,56962,LightGBM,0.01,300,1.5713443756103516,0.1526472568511963,1.7239916324615479,-4.6015625,5.647107124328613,0.9994557775359011,0.8287292817679558,0.9036144578313253,0.7653061224489796,0.9705614290595248
creditcard_fraud,284807,227845,56962,XGBoost,0.1,100,1.1663219928741455,0.07217025756835938,1.2384922504425049,-8.61328125,2.176089286804199,0.9994908886626171,0.8397790055248618,0.9156626506024096,0.7755102040816326,0.9550425720372562
creditcard_fraud,284807,227845,56962,LightGBM,0.1,100,0.7037267684936523,0.08184456825256348,0.7855713367462158,-2.890625,4.290463447570801,0.9973666654962958,0.4318181818181818,0.3433734939759036,0.5816326530612245,0.7653745815292914
creditcard_fraud,284807,227845,56962,XGBoost,0.1,300,2.9605941772460938,0.0958242416381836,3.0564184188842773,-0.76953125,2.176089286804199,0.9995259997893332,0.850828729281768,0.927710843373494,0.7857142857142857,0.9637665737369794
creditcard_fraud,284807,227845,56962,LightGBM,0.1,300,1.4145593643188477,0.1617591381072998,1.5763185024261475,-5.88671875,4.641848564147949,0.9982795547909132,0.5377358490566038,0.5,0.5816326530612245,0.7901818912004871
